{
  "Configs": [
    {
      "Id": "3531a1ee31554781b65f0f3298895c3e",
      "server": "zuisucloud.xyz",
      "Server_Port": 10086,
      "Server_Udp_Port": 0,
      "Password": "z0PYD2",
      "Method": "chacha20-ietf",
      "Protocol": "origin",
      "ProtocolParam": "",
      "obfs": "plain",
      "ObfsParam": "",
      "Remarks_Base64": "5Ymp5L2Z5rWB6YeP77yaMA",
      "Group": "最速云",
      "SubTag": "最速云",
      "Enable": true,
      "UdpOverTcp": false
    },
    {
      "Id": "627220d5dc4f4ddba89e253b4db364b6",
      "server": "zuisucloud.xyz",
      "Server_Port": 10086,
      "Server_Udp_Port": 0,
      "Password": "z0PYD2",
      "Method": "chacha20-ietf",
      "Protocol": "origin",
      "ProtocolParam": "",
      "obfs": "plain",
      "ObfsParam": "",
      "Remarks_Base64": "6L-H5pyf5pe26Ze077yaMjAyMC0wNi0wNA",
      "Group": "最速云",
      "SubTag": "最速云",
      "Enable": true,
      "UdpOverTcp": false
    },
    {
      "Id": "9e083a59ca564651bf6b3590b3ea0c07",
      "server": "ln.okddns.life",
      "Server_Port": 5001,
      "Server_Udp_Port": 0,
      "Password": "hYq0QeP",
      "Method": "chacha20",
      "Protocol": "auth_aes128_md5",
      "ProtocolParam": "25423:z0PYD2",
      "obfs": "tls1.2_ticket_auth",
      "ObfsParam": "6e15125423.microsoft.com",
      "Remarks_Base64": "W-WFjei0uV0t6L695a6BPT0-6Z-p5Zu95Lit6L2sMDE",
      "Group": "最速云",
      "SubTag": "最速云",
      "Enable": true,
      "UdpOverTcp": false
    },
    {
      "Id": "c0b2f5c61f5542ee947db9677d35b7f1",
      "server": "ln.okddns.life",
      "Server_Port": 5002,
      "Server_Udp_Port": 0,
      "Password": "hYq0QeP",
      "Method": "chacha20",
      "Protocol": "auth_aes128_md5",
      "ProtocolParam": "25423:z0PYD2",
      "obfs": "tls1.2_ticket_auth",
      "ObfsParam": "6e15125423.microsoft.com",
      "Remarks_Base64": "W-WFjei0uV0t6L695a6BPT0-6Z-p5Zu95Lit6L2sMDI",
      "Group": "最速云",
      "SubTag": "最速云",
      "Enable": true,
      "UdpOverTcp": false
    },
    {
      "Id": "477c058373794995a8d7920bf26a828a",
      "server": "bj.hanhanhan.me",
      "Server_Port": 3301,
      "Server_Udp_Port": 0,
      "Password": "hYq0QeP",
      "Method": "chacha20",
      "Protocol": "auth_aes128_md5",
      "ProtocolParam": "25423:z0PYD2",
      "obfs": "tls1.2_ticket_auth",
      "ObfsParam": "6e15125423.microsoft.com",
      "Remarks_Base64": "5Lit6L2sLeWMl-S6rEJHUC3pppnmuK9BenVyZTAx",
      "Group": "最速云",
      "SubTag": "最速云",
      "Enable": true,
      "UdpOverTcp": false
    },
    {
      "Id": "9f091c947a044161a2e431999c84c4d7",
      "server": "bj.hanhanhan.me",
      "Server_Port": 3302,
      "Server_Udp_Port": 0,
      "Password": "hYq0QeP",
      "Method": "chacha20",
      "Protocol": "auth_aes128_md5",
      "ProtocolParam": "25423:z0PYD2",
      "obfs": "tls1.2_ticket_auth",
      "ObfsParam": "6e15125423.microsoft.com",
      "Remarks_Base64": "5Lit6L2sLeWMl-S6rEJHUC3pppnmuK9BenVyZTAy",
      "Group": "最速云",
      "SubTag": "最速云",
      "Enable": true,
      "UdpOverTcp": false
    },
    {
      "Id": "8003aeaa050b45ec9fe16932a3d9b0e6",
      "server": "52.184.35.226",
      "Server_Port": 32361,
      "Server_Udp_Port": 0,
      "Password": "hYq0QeP",
      "Method": "chacha20",
      "Protocol": "auth_aes128_md5",
      "ProtocolParam": "25423:z0PYD2",
      "obfs": "tls1.2_ticket_auth",
      "ObfsParam": "6e15125423.microsoft.com",
      "Remarks_Base64": "5YWo56uZ5bey57uP5pu05pawdjJyYXnoioLngrnor7fliIfmjaLorqLpmIXpk77mjqU",
      "Group": "最速云",
      "SubTag": "最速云",
      "Enable": true,
      "UdpOverTcp": false
    },
    {
      "Id": "898cc9dd36c24a91b3ece6a152b4fd70",
      "server": "uucloud.life",
      "Server_Port": 10086,
      "Server_Udp_Port": 0,
      "Password": "qrp0Zg",
      "Method": "chacha20-ietf",
      "Protocol": "origin",
      "ProtocolParam": "",
      "obfs": "plain",
      "ObfsParam": "",
      "Remarks_Base64": "5Ymp5L2Z5rWB6YeP77yaMjEuMDFHQg",
      "Group": "UU云加速",
      "SubTag": "UU云加速",
      "Enable": true,
      "UdpOverTcp": false
    },
    {
      "Id": "f77686796c90425d81021ab5e33e6c54",
      "server": "uucloud.life",
      "Server_Port": 10086,
      "Server_Udp_Port": 0,
      "Password": "qrp0Zg",
      "Method": "chacha20-ietf",
      "Protocol": "origin",
      "ProtocolParam": "",
      "obfs": "plain",
      "ObfsParam": "",
      "Remarks_Base64": "6L-H5pyf5pe26Ze077yaMjAyMC0wNy0wMQ",
      "Group": "UU云加速",
      "SubTag": "UU云加速",
      "Enable": true,
      "UdpOverTcp": false
    },
    {
      "Id": "029220c468f5458a966b10ef5d187988",
      "server": "702.node.991991.xyz",
      "Server_Port": 95,
      "Server_Udp_Port": 0,
      "Password": "uucloud",
      "Method": "rc4-md5",
      "Protocol": "auth_aes128_md5",
      "ProtocolParam": "20144:qrp0Zg",
      "obfs": "plain",
      "ObfsParam": "3d3f320144.bing.com",
      "Remarks_Base64": "VjAg5L-E572X5pavIDcwMiBbTGV2ZWwvTkZd",
      "Group": "UU云加速",
      "SubTag": "UU云加速",
      "Enable": true,
      "UdpOverTcp": false
    },
    {
      "Id": "ee8fb41e7d064edb872c8660b9b5da35",
      "server": "313.node.991991.xyz",
      "Server_Port": 100,
      "Server_Udp_Port": 0,
      "Password": "uucloud",
      "Method": "rc4-md5",
      "Protocol": "auth_aes128_md5",
      "ProtocolParam": "20144:qrp0Zg",
      "obfs": "plain",
      "ObfsParam": "3d3f320144.bing.com",
      "Remarks_Base64": "VjAg576O5Zu9IDMxMyBbQ04yL05GXQ",
      "Group": "UU云加速",
      "SubTag": "UU云加速",
      "Enable": true,
      "UdpOverTcp": false
    },
    {
      "Id": "148a8267731243a592d770713daa3d61",
      "server": "703.node.991991.xyz",
      "Server_Port": 90,
      "Server_Udp_Port": 0,
      "Password": "uucloud",
      "Method": "rc4-md5",
      "Protocol": "auth_aes128_md5",
      "ProtocolParam": "20144:qrp0Zg",
      "obfs": "plain",
      "ObfsParam": "3d3f320144.bing.com",
      "Remarks_Base64": "VjEg5L-E572X5pavIDcwMyBbVFRLL05GL3gwLjVd",
      "Group": "UU云加速",
      "SubTag": "UU云加速",
      "Enable": true,
      "UdpOverTcp": false
    },
    {
      "Id": "0155920e05ea483b8a133d02d23c7af5",
      "server": "201.node.991991.xyz",
      "Server_Port": 90,
      "Server_Udp_Port": 0,
      "Password": "uucloud",
      "Method": "rc4-md5",
      "Protocol": "auth_aes128_md5",
      "ProtocolParam": "20144:qrp0Zg",
      "obfs": "plain",
      "ObfsParam": "3d3f320144.bing.com",
      "Remarks_Base64": "VjEg5Y-w5rm-IDIwMSBbSGlORVQvTkZd",
      "Group": "UU云加速",
      "SubTag": "UU云加速",
      "Enable": true,
      "UdpOverTcp": false
    },
    {
      "Id": "72b3758cd51f4490aec3a412ae69bdb8",
      "server": "600.node.991991.xyz",
      "Server_Port": 97,
      "Server_Udp_Port": 0,
      "Password": "uucloud",
      "Method": "rc4-md5",
      "Protocol": "auth_aes128_md5",
      "ProtocolParam": "20144:qrp0Zg",
      "obfs": "plain",
      "ObfsParam": "3d3f320144.bing.com",
      "Remarks_Base64": "VjEg5paw5Yqg5Z2hIDYwMCBbTlRUL05GXQ",
      "Group": "UU云加速",
      "SubTag": "UU云加速",
      "Enable": true,
      "UdpOverTcp": false
    },
    {
      "Id": "0707f6ef798e4c238ec08d599fda646c",
      "server": "601.node.991991.xyz",
      "Server_Port": 446,
      "Server_Udp_Port": 0,
      "Password": "uucloud",
      "Method": "rc4-md5",
      "Protocol": "auth_aes128_md5",
      "ProtocolParam": "20144:qrp0Zg",
      "obfs": "plain",
      "ObfsParam": "3d3f320144.bing.com",
      "Remarks_Base64": "VjEg5paw5Yqg5Z2hIDYwMSBbQ04yL05GXQ",
      "Group": "UU云加速",
      "SubTag": "UU云加速",
      "Enable": true,
      "UdpOverTcp": false
    },
    {
      "Id": "94c760e5b33f43f89cc099f41dc9f349",
      "server": "400.node.991991.xyz",
      "Server_Port": 96,
      "Server_Udp_Port": 0,
      "Password": "uucloud",
      "Method": "rc4-md5",
      "Protocol": "auth_aes128_md5",
      "ProtocolParam": "20144:qrp0Zg",
      "obfs": "plain",
      "ObfsParam": "3d3f320144.bing.com",
      "Remarks_Base64": "VjEg5pel5pysIDQwMCBbSUlKL05GXQ",
      "Group": "UU云加速",
      "SubTag": "UU云加速",
      "Enable": true,
      "UdpOverTcp": false
    },
    {
      "Id": "d762475b7c694179a6cb529a2e4961b7",
      "server": "401.node.991991.xyz",
      "Server_Port": 90,
      "Server_Udp_Port": 0,
      "Password": "uucloud",
      "Method": "rc4-md5",
      "Protocol": "auth_aes128_md5",
      "ProtocolParam": "20144:qrp0Zg",
      "obfs": "plain",
      "ObfsParam": "3d3f320144.bing.com",
      "Remarks_Base64": "VjEg5pel5pysIDQwMSBb5qix6IqxL05GXQ",
      "Group": "UU云加速",
      "SubTag": "UU云加速",
      "Enable": true,
      "UdpOverTcp": false
    },
    {
      "Id": "2bf425a7c22049339dd6972767b0391b",
      "server": "404.node.991991.xyz",
      "Server_Port": 93,
      "Server_Udp_Port": 0,
      "Password": "uucloud",
      "Method": "rc4-md5",
      "Protocol": "auth_aes128_md5",
      "ProtocolParam": "20144:qrp0Zg",
      "obfs": "plain",
      "ObfsParam": "3d3f320144.bing.com",
      "Remarks_Base64": "VjEg5pel5pysIDQwNCBb5qix6IqxL05GXQ",
      "Group": "UU云加速",
      "SubTag": "UU云加速",
      "Enable": true,
      "UdpOverTcp": false
    },
    {
      "Id": "387b4b3e3ada41348b68ac0ae2e412bd",
      "server": "306.node.991991.xyz",
      "Server_Port": 97,
      "Server_Udp_Port": 0,
      "Password": "uucloud",
      "Method": "rc4-md5",
      "Protocol": "auth_aes128_md5",
      "ProtocolParam": "20144:qrp0Zg",
      "obfs": "plain",
      "ObfsParam": "3d3f320144.bing.com",
      "Remarks_Base64": "VjEg576O5Zu9IDMwNiBbQ04yLUdJQS9ORl0",
      "Group": "UU云加速",
      "SubTag": "UU云加速",
      "Enable": true,
      "UdpOverTcp": false
    },
    {
      "Id": "345f1694c7c34a778250ce077df22cbb",
      "server": "309.node.991991.xyz",
      "Server_Port": 98,
      "Server_Udp_Port": 0,
      "Password": "uucloud",
      "Method": "rc4-md5",
      "Protocol": "auth_aes128_md5",
      "ProtocolParam": "20144:qrp0Zg",
      "obfs": "plain",
      "ObfsParam": "3d3f320144.bing.com",
      "Remarks_Base64": "VjEg576O5Zu9IDMwOSBbQ04yLUdUL05GXQ",
      "Group": "UU云加速",
      "SubTag": "UU云加速",
      "Enable": true,
      "UdpOverTcp": false
    },
    {
      "Id": "7099f11a7caf4cec877cecafa17bf49d",
      "server": "311.node.991991.xyz",
      "Server_Port": 98,
      "Server_Udp_Port": 0,
      "Password": "uucloud",
      "Method": "rc4-md5",
      "Protocol": "auth_aes128_md5",
      "ProtocolParam": "20144:qrp0Zg",
      "obfs": "plain",
      "ObfsParam": "3d3f320144.bing.com",
      "Remarks_Base64": "VjEg576O5Zu9IDMxMSBbQ04yLUdUL05GXQ",
      "Group": "UU云加速",
      "SubTag": "UU云加速",
      "Enable": true,
      "UdpOverTcp": false
    },
    {
      "Id": "8e8cf76b1aa14521a5b9452ed8b2e115",
      "server": "315.node.991991.xyz",
      "Server_Port": 97,
      "Server_Udp_Port": 0,
      "Password": "uucloud",
      "Method": "rc4-md5",
      "Protocol": "auth_aes128_md5",
      "ProtocolParam": "20144:qrp0Zg",
      "obfs": "plain",
      "ObfsParam": "3d3f320144.bing.com",
      "Remarks_Base64": "VjEg576O5Zu9IDMxNSBbSEUvTkZd",
      "Group": "UU云加速",
      "SubTag": "UU云加速",
      "Enable": true,
      "UdpOverTcp": false
    },
    {
      "Id": "8dac62a75408411a96f77210176b6ed4",
      "server": "510.node.991991.xyz",
      "Server_Port": 92,
      "Server_Udp_Port": 0,
      "Password": "uucloud",
      "Method": "rc4-md5",
      "Protocol": "auth_aes128_md5",
      "ProtocolParam": "20144:qrp0Zg",
      "obfs": "plain",
      "ObfsParam": "3d3f320144.bing.com",
      "Remarks_Base64": "VjEg6Z-p5Zu9IDUxMCBbQW1hem9uLzEuMOWAjV0",
      "Group": "UU云加速",
      "SubTag": "UU云加速",
      "Enable": true,
      "UdpOverTcp": false
    },
    {
      "Id": "bb223e26874749a795a5100df1466a2f",
      "server": "511.node.991991.xyz",
      "Server_Port": 93,
      "Server_Udp_Port": 0,
      "Password": "uucloud",
      "Method": "rc4-md5",
      "Protocol": "auth_aes128_md5",
      "ProtocolParam": "20144:qrp0Zg",
      "obfs": "plain",
      "ObfsParam": "3d3f320144.bing.com",
      "Remarks_Base64": "VjEg6Z-p5Zu9IDUxMSBbQW1hem9uXQ",
      "Group": "UU云加速",
      "SubTag": "UU云加速",
      "Enable": true,
      "UdpOverTcp": false
    },
    {
      "Id": "e25d6ec9dd764df593278979ee54cd5e",
      "server": "101.node.991991.xyz",
      "Server_Port": 96,
      "Server_Udp_Port": 0,
      "Password": "uucloud",
      "Method": "rc4-md5",
      "Protocol": "auth_aes128_md5",
      "ProtocolParam": "20144:qrp0Zg",
      "obfs": "plain",
      "ObfsParam": "3d3f320144.bing.com",
      "Remarks_Base64": "VjEg6aaZ5rivIDEwMSBbQWxpeXVuL05GXQ",
      "Group": "UU云加速",
      "SubTag": "UU云加速",
      "Enable": true,
      "UdpOverTcp": false
    },
    {
      "Id": "17ab9cc66808433f8d3154cb5c94bae5",
      "server": "102.node.991991.xyz",
      "Server_Port": 95,
      "Server_Udp_Port": 0,
      "Password": "uucloud",
      "Method": "rc4-md5",
      "Protocol": "auth_aes128_md5",
      "ProtocolParam": "20144:qrp0Zg",
      "obfs": "plain",
      "ObfsParam": "3d3f320144.bing.com",
      "Remarks_Base64": "VjEg6aaZ5rivIDEwMiBbQWxpeXVuL05GXQ",
      "Group": "UU云加速",
      "SubTag": "UU云加速",
      "Enable": true,
      "UdpOverTcp": false
    },
    {
      "Id": "1c55f7244c784f29abfef752d2c8388a",
      "server": "104.node.991991.xyz",
      "Server_Port": 92,
      "Server_Udp_Port": 0,
      "Password": "uucloud",
      "Method": "rc4-md5",
      "Protocol": "auth_aes128_md5",
      "ProtocolParam": "20144:qrp0Zg",
      "obfs": "plain",
      "ObfsParam": "3d3f320144.bing.com",
      "Remarks_Base64": "VjEg6aaZ5rivIDEwNCBbQWxpeXVuL05GXQ",
      "Group": "UU云加速",
      "SubTag": "UU云加速",
      "Enable": true,
      "UdpOverTcp": false
    },
    {
      "Id": "ebef730824914c3da8835a32c859ec7d",
      "server": "114.node.991991.xyz",
      "Server_Port": 19114,
      "Server_Udp_Port": 0,
      "Password": "uucloud",
      "Method": "rc4-md5",
      "Protocol": "auth_aes128_md5",
      "ProtocolParam": "20144:qrp0Zg",
      "obfs": "tls1.2_ticket_auth",
      "ObfsParam": "3d3f320144.bing.com",
      "Remarks_Base64": "VjEg6aaZ5rivIDExNCBbSEdDL05GXQ",
      "Group": "UU云加速",
      "SubTag": "UU云加速",
      "Enable": true,
      "UdpOverTcp": false
    }
  ],
  "Index": 15,
  "Random": false,
  "SysProxyMode": 3,
  "ShareOverLan": false,
  "LocalPort": 1080,
  "ReconnectTimes": 2,
  "BalanceType": 4,
  "RandomInGroup": true,
  "Ttl": 60,
  "ConnectTimeout": 5,
  "ProxyRuleMode": 2,
  "ProxyEnable": false,
  "PacDirectGoProxy": false,
  "ProxyType": 0,
  "ProxyHost": "",
  "ProxyPort": 1,
  "ProxyAuthUser": "",
  "ProxyAuthPass": "",
  "ProxyUserAgent": "",
  "AuthUser": "",
  "AuthPass": "",
  "AutoBan": false,
  "CheckSwitchAutoCloseAll": true,
  "LogEnable": true,
  "SameHostForSameTarget": false,
  "IsPreRelease": false,
  "AutoCheckUpdate": true,
  "LangName": "",
  "DnsClients": [],
  "ServerSubscribes": [
    {
      "Url": "https://zsy.zuisucloud.online/link/MOpcAtpV4VRPYHKc?sub=1",
      "Tag": "最速云",
      "LastUpdateTime": 1592081374,
      "AutoCheckUpdate": true,
      "ProxyType": 0
    },
    {
      "Url": "https://uuyun.link/link/Y7LDuIfZLxgu7kai?sub=1",
      "Tag": "UU云加速",
      "LastUpdateTime": 1592081377,
      "AutoCheckUpdate": true,
      "ProxyType": 0
    }
  ],
  "PortMap": {}
}